<?xml version="1.0" encoding="UTF-8"?>
<!DOCTYPE configuration
  PUBLIC "-//mybatis.org//DTD Config 3.0//EN"
  "http://mybatis.org/dtd/mybatis-3-config.dtd">
<!-- mybatis 核心配置 -->
<configuration>
  <!-- 配置初始化环境(连接) -->
  <environments default="development">
    <environment id="development">
      <transactionManager type="JDBC"/>
      <!-- 使用mybatis自带连接池 -->
      <dataSource type="POOLED">
        <property name="driver" value="com.mysql.jdbc.Driver"/>
        <property name="url"  value="jdbc:mysql:///tcgbtms"/>
        <property name="username" value="root"/>
        <property name="password" value="root"/>
      </dataSource>
    </environment>
  </environments>
  <!-- 映射文件配置(定义sql映射) -->
   <mappers>
    <mapper resource="mapper/MemberMapper.xml"/>
  </mappers>
</configuration>
