<?xml version="1.0" encoding="UTF-8"?>
<!DOCTYPE mapper
  PUBLIC "-//mybatis.org//DTD Mapper 3.0//EN"
  "http://mybatis.org/dtd/mybatis-3-mapper.dtd">
<!-- mybatis中的映射文件:内部要定义sql映射 -->
<mapper namespace="com.pt.member.dao.MemberDao">
   
    <!-- 基于id删除会员信息 -->
    <delete id="deleteObject"
            parameterType="int">
         delete from t_members
         where id=#{helloworld}        
    </delete>
   
    <!-- 更新密码 -->
    <update id="updatePassword">
        update t_members
        set password=#{array[0]}
        where id=#{array[1]}
    </update>
   
   <!-- 定义insert元素，其中parameterType可以不写，
        #{}表达式会调用参数对象的get方法 -->
   <insert id="insertObject"
           parameterType="com.pt.member.entity.Member">
         insert into t_members
         (nickname,password,realname,gender,rank,
          email,mobile,safequestion,safeanswer,createdTime)
         values   
         (#{nickname},#{password},#{realname},#{gender},#{rank},
         #{email},#{mobile},#{safequestion},#{safeanswer},#{createdTime})
   </insert>
   
   
   <!-- 通过select元素定义查询语句 ,每一个映射
      元素底层都会封装为一个MappedStatement对象-->
   <select id="findObjects" 
           resultType="com.pt.member.entity.Member">
        select * 
        from t_members
   </select>

</mapper>
